customer_id,city,city_tier,signup_date
CUST00001,Jaipur,Tier 2,2024-01-14
CUST00002,Kanpur,Tier 2,2025-01-25
CUST00003,Nagpur,Tier 3,2025-04-07
CUST00004,Indore,Tier 2,2024-08-12
CUST00005,Pune,Tier 1,2024-02-11
CUST00006,Jaipur,Tier 2,2024-02-16
CUST00007,Bhopal,Tier 2,2024-03-03
CUST00008,Bangalore,Tier 1,2025-05-19
CUST00009,Jaipur,Tier 2,2025-06-30
CUST00010,Nagpur,Tier 3,2024-03-14
CUST00011,Nagpur,Tier 3,2024-05-21
CUST00012,Indore,Tier 2,2024-04-09
CUST00013,Pune,Tier 1,2024-04-21
CUST00014,Kanpur,Tier 2,2025-05-17
CUST00015,Indore,Tier 2,2024-07-18
CUST00016,Indore,Tier 2,2024-07-05
CUST00017,Bangalore,Tier 1,2024-05-16
CUST00018,Lucknow,Tier 2,2024-12-30
CUST00019,Pune,Tier 1,2024-08-15
CUST00020,Delhi,Tier 1,2025-03-22
CUST00021,Indore,Tier 2,2024-05-03
CUST00022,Ranchi,Tier 3,2025-04-17
CUST00023,Lucknow,Tier 2,2024-12-28
CUST00024,Delhi,Tier 1,2024-03-09
CUST00025,Ranchi,Tier 3,2024-09-05
CUST00026,Pune,Tier 1,2025-06-02
CUST00027,Mumbai,Tier 1,2025-07-07
CUST00028,Ranchi,Tier 3,2024-10-06
CUST00029,Bhopal,Tier 2,2024-10-15
CUST00030,Lucknow,Tier 2,2025-07-05
CUST00031,Ranchi,Tier 3,2024-12-18
CUST00032,Patna,Tier 2,2024-01-20
CUST00033,Mumbai,Tier 1,2025-07-01
CUST00034,Nagpur,Tier 3,2024-05-28
CUST00035,Nagpur,Tier 3,2024-12-12
CUST00036,Bhopal,Tier 2,2024-04-09
CUST00037,Ranchi,Tier 3,2024-01-21
CUST00038,Ranchi,Tier 3,2024-07-05
CUST00039,Bangalore,Tier 1,2025-04-13
CUST00040,Ranchi,Tier 3,2024-06-15
CUST00041,Jaipur,Tier 2,2024-05-12
CUST00042,Kanpur,Tier 2,2024-05-07
CUST00043,Patna,Tier 2,2024-11-05
CUST00044,Bangalore,Tier 1,2025-08-08
CUST00045,Pune,Tier 1,2024-10-02
CUST00046,Bangalore,Tier 1,2024-11-30
CUST00047,Jaipur,Tier 2,2025-05-31
CUST00048,Pune,Tier 1,2024-11-17
CUST00049,Patna,Tier 2,2024-04-20
CUST00050,Jaipur,Tier 2,2024-06-28
CUST00051,Delhi,Tier 1,2024-07-04
CUST00052,Kanpur,Tier 2,2024-08-26
CUST00053,Patna,Tier 2,2024-09-13
CUST00054,Ranchi,Tier 3,2025-04-24
CUST00055,Delhi,Tier 1,2024-07-28
CUST00056,Bhopal,Tier 2,2024-10-07
CUST00057,Patna,Tier 2,2025-01-09
CUST00058,Bhopal,Tier 2,2024-08-14
CUST00059,Pune,Tier 1,2025-05-16
CUST00060,Delhi,Tier 1,2024-12-18
CUST00061,Kanpur,Tier 2,2024-06-25
CUST00062,Ranchi,Tier 3,2025-03-04
CUST00063,Ranchi,Tier 3,2024-11-12
CUST00064,Jaipur,Tier 2,2024-11-16
CUST00065,Ranchi,Tier 3,2024-10-15
CUST00066,Indore,Tier 2,2024-10-25
CUST00067,Bangalore,Tier 1,2025-04-04
CUST00068,Mumbai,Tier 1,2024-03-02
CUST00069,Kanpur,Tier 2,2024-07-19
CUST00070,Delhi,Tier 1,2024-02-15
CUST00071,Indore,Tier 2,2025-03-27
CUST00072,Kanpur,Tier 2,2024-06-12
CUST00073,Delhi,Tier 1,2025-06-22
CUST00074,Lucknow,Tier 2,2024-11-11
CUST00075,Lucknow,Tier 2,2025-04-25
CUST00076,Bhopal,Tier 2,2025-08-10
CUST00077,Kanpur,Tier 2,2025-05-18
CUST00078,Lucknow,Tier 2,2025-06-04
CUST00079,Delhi,Tier 1,2024-09-01
CUST00080,Bhopal,Tier 2,2024-11-27
CUST00081,Ranchi,Tier 3,2024-06-01
CUST00082,Delhi,Tier 1,2024-04-27
CUST00083,Bhopal,Tier 2,2024-10-30
CUST00084,Kanpur,Tier 2,2024-12-23
CUST00085,Indore,Tier 2,2024-07-22
CUST00086,Jaipur,Tier 2,2024-12-07
CUST00087,Ranchi,Tier 3,2025-06-16
CUST00088,Patna,Tier 2,2024-11-30
CUST00089,Indore,Tier 2,2025-03-08
CUST00090,Pune,Tier 1,2025-04-28
CUST00091,Delhi,Tier 1,2025-08-16
CUST00092,Pune,Tier 1,2024-12-27
CUST00093,Indore,Tier 2,2025-04-29
CUST00094,Bhopal,Tier 2,2025-07-31
CUST00095,Patna,Tier 2,2025-07-20
CUST00096,Ranchi,Tier 3,2024-03-25
CUST00097,Ranchi,Tier 3,2024-08-31
CUST00098,Ranchi,Tier 3,2024-07-13
CUST00099,Patna,Tier 2,2024-02-22
CUST00100,Mumbai,Tier 1,2025-01-14
CUST00101,Patna,Tier 2,2025-03-17
CUST00102,Jaipur,Tier 2,2025-05-23
CUST00103,Patna,Tier 2,2024-03-14
CUST00104,Indore,Tier 2,2025-06-09
CUST00105,Mumbai,Tier 1,2025-01-20
CUST00106,Ranchi,Tier 3,2025-02-26
CUST00107,Indore,Tier 2,2025-06-30
CUST00108,Indore,Tier 2,2025-01-09
CUST00109,Nagpur,Tier 3,2024-07-20
CUST00110,Bangalore,Tier 1,2025-05-10
CUST00111,Mumbai,Tier 1,2024-08-05
CUST00112,Indore,Tier 2,2024-01-21
CUST00113,Bangalore,Tier 1,2025-05-13
CUST00114,Bangalore,Tier 1,2024-07-26
CUST00115,Mumbai,Tier 1,2025-04-09
CUST00116,Nagpur,Tier 3,2024-08-05
CUST00117,Pune,Tier 1,2025-05-31
CUST00118,Bhopal,Tier 2,2024-05-11
CUST00119,Jaipur,Tier 2,2025-08-07
CUST00120,Bhopal,Tier 2,2025-04-12
CUST00121,Patna,Tier 2,2024-03-09
CUST00122,Ranchi,Tier 3,2024-12-05
CUST00123,Jaipur,Tier 2,2025-08-14
CUST00124,Patna,Tier 2,2024-10-09
CUST00125,Indore,Tier 2,2024-04-19
CUST00126,Ranchi,Tier 3,2024-10-17
CUST00127,Delhi,Tier 1,2024-11-03
CUST00128,Mumbai,Tier 1,2025-03-21
CUST00129,Jaipur,Tier 2,2025-02-23
CUST00130,Jaipur,Tier 2,2024-08-29
CUST00131,Indore,Tier 2,2024-05-10
CUST00132,Pune,Tier 1,2025-01-22
CUST00133,Bangalore,Tier 1,2024-09-10
CUST00134,Ranchi,Tier 3,2024-03-20
CUST00135,Indore,Tier 2,2025-06-24
CUST00136,Lucknow,Tier 2,2025-02-18
CUST00137,Nagpur,Tier 3,2025-02-13
CUST00138,Bangalore,Tier 1,2025-05-08
CUST00139,Mumbai,Tier 1,2024-11-13
CUST00140,Bangalore,Tier 1,2025-05-04
CUST00141,Pune,Tier 1,2024-10-25
CUST00142,Bangalore,Tier 1,2024-02-10
CUST00143,Mumbai,Tier 1,2024-08-31
CUST00144,Pune,Tier 1,2024-10-25
CUST00145,Bhopal,Tier 2,2025-03-08
CUST00146,Jaipur,Tier 2,2024-03-04
CUST00147,Jaipur,Tier 2,2024-03-25
CUST00148,Nagpur,Tier 3,2024-06-07
CUST00149,Patna,Tier 2,2024-06-08
CUST00150,Bhopal,Tier 2,2025-03-15
CUST00151,Bhopal,Tier 2,2024-05-30
CUST00152,Ranchi,Tier 3,2025-01-14
CUST00153,Bangalore,Tier 1,2024-10-23
CUST00154,Jaipur,Tier 2,2024-12-09
CUST00155,Mumbai,Tier 1,2025-05-17
CUST00156,Kanpur,Tier 2,2024-08-30
CUST00157,Kanpur,Tier 2,2025-04-07
CUST00158,Pune,Tier 1,2024-09-10
CUST00159,Jaipur,Tier 2,2024-07-31
CUST00160,Jaipur,Tier 2,2025-07-29
CUST00161,Nagpur,Tier 3,2024-04-20
CUST00162,Kanpur,Tier 2,2024-02-24
CUST00163,Jaipur,Tier 2,2025-04-07
CUST00164,Nagpur,Tier 3,2024-02-10
CUST00165,Bangalore,Tier 1,2025-05-17
CUST00166,Lucknow,Tier 2,2024-09-19
CUST00167,Ranchi,Tier 3,2025-07-03
CUST00168,Delhi,Tier 1,2025-03-08
CUST00169,Bhopal,Tier 2,2025-01-01
CUST00170,Patna,Tier 2,2025-07-23
CUST00171,Pune,Tier 1,2024-08-25
CUST00172,Lucknow,Tier 2,2025-07-26
CUST00173,Ranchi,Tier 3,2024-03-22
CUST00174,Ranchi,Tier 3,2024-10-17
CUST00175,Ranchi,Tier 3,2024-06-10
CUST00176,Ranchi,Tier 3,2024-11-19
CUST00177,Kanpur,Tier 2,2024-04-07
CUST00178,Nagpur,Tier 3,2025-05-19
CUST00179,Bhopal,Tier 2,2025-05-22
CUST00180,Jaipur,Tier 2,2025-07-27
CUST00181,Ranchi,Tier 3,2024-04-02
CUST00182,Patna,Tier 2,2025-01-08
CUST00183,Jaipur,Tier 2,2024-10-11
CUST00184,Mumbai,Tier 1,2024-07-25
CUST00185,Mumbai,Tier 1,2024-07-29
CUST00186,Patna,Tier 2,2024-09-04
CUST00187,Nagpur,Tier 3,2025-02-26
CUST00188,Patna,Tier 2,2024-12-24
CUST00189,Kanpur,Tier 2,2024-10-02
CUST00190,Patna,Tier 2,2024-02-15
CUST00191,Bangalore,Tier 1,2024-02-16
CUST00192,Jaipur,Tier 2,2024-01-02
CUST00193,Lucknow,Tier 2,2025-08-03
CUST00194,Indore,Tier 2,2024-01-04
CUST00195,Nagpur,Tier 3,2024-03-02
CUST00196,Patna,Tier 2,2024-07-07
CUST00197,Pune,Tier 1,2025-04-29
CUST00198,Mumbai,Tier 1,2025-07-31
CUST00199,Bangalore,Tier 1,2025-04-19
CUST00200,Bhopal,Tier 2,2025-02-18
CUST00201,Ranchi,Tier 3,2024-11-08
CUST00202,Indore,Tier 2,2024-02-22
CUST00203,Nagpur,Tier 3,2025-07-28
CUST00204,Lucknow,Tier 2,2025-03-31
CUST00205,Indore,Tier 2,2025-01-18
CUST00206,Patna,Tier 2,2025-03-31
CUST00207,Kanpur,Tier 2,2025-03-10
CUST00208,Mumbai,Tier 1,2025-01-17
CUST00209,Mumbai,Tier 1,2025-08-11
CUST00210,Bhopal,Tier 2,2025-06-26
CUST00211,Kanpur,Tier 2,2025-01-22
CUST00212,Ranchi,Tier 3,2025-02-19
CUST00213,Jaipur,Tier 2,2024-01-31
CUST00214,Delhi,Tier 1,2025-02-05
CUST00215,Bangalore,Tier 1,2024-01-27
CUST00216,Mumbai,Tier 1,2024-12-18
CUST00217,Pune,Tier 1,2025-08-22
CUST00218,Mumbai,Tier 1,2024-11-29
CUST00219,Indore,Tier 2,2024-10-10
CUST00220,Mumbai,Tier 1,2024-07-06
CUST00221,Nagpur,Tier 3,2024-03-13
CUST00222,Mumbai,Tier 1,2025-03-14
CUST00223,Delhi,Tier 1,2024-04-25
CUST00224,Delhi,Tier 1,2024-03-10
CUST00225,Ranchi,Tier 3,2024-09-10
CUST00226,Lucknow,Tier 2,2025-04-22
CUST00227,Jaipur,Tier 2,2025-03-23
CUST00228,Pune,Tier 1,2024-02-02
CUST00229,Mumbai,Tier 1,2024-09-30
CUST00230,Mumbai,Tier 1,2024-11-09
CUST00231,Bangalore,Tier 1,2025-01-21
CUST00232,Delhi,Tier 1,2025-01-25
CUST00233,Pune,Tier 1,2024-08-06
CUST00234,Ranchi,Tier 3,2024-12-02
CUST00235,Bhopal,Tier 2,2024-10-15
CUST00236,Lucknow,Tier 2,2025-06-14
CUST00237,Jaipur,Tier 2,2024-11-14
CUST00238,Kanpur,Tier 2,2024-09-21
CUST00239,Jaipur,Tier 2,2024-08-30
CUST00240,Nagpur,Tier 3,2024-12-09
CUST00241,Indore,Tier 2,2025-04-27
CUST00242,Nagpur,Tier 3,2024-11-19
CUST00243,Mumbai,Tier 1,2025-01-31
CUST00244,Lucknow,Tier 2,2025-03-18
CUST00245,Indore,Tier 2,2024-11-08
CUST00246,Pune,Tier 1,2024-09-13
CUST00247,Kanpur,Tier 2,2025-06-09
CUST00248,Delhi,Tier 1,2024-09-07
CUST00249,Lucknow,Tier 2,2024-10-04
CUST00250,Lucknow,Tier 2,2025-08-17
CUST00251,Nagpur,Tier 3,2024-01-01
CUST00252,Mumbai,Tier 1,2024-04-21
CUST00253,Patna,Tier 2,2024-08-18
CUST00254,Ranchi,Tier 3,2025-07-13
CUST00255,Nagpur,Tier 3,2024-02-12
CUST00256,Lucknow,Tier 2,2024-01-06
CUST00257,Bangalore,Tier 1,2024-02-01
CUST00258,Kanpur,Tier 2,2024-02-23
CUST00259,Ranchi,Tier 3,2024-01-23
CUST00260,Nagpur,Tier 3,2024-10-14
CUST00261,Kanpur,Tier 2,2024-12-14
CUST00262,Bangalore,Tier 1,2024-06-12
CUST00263,Bhopal,Tier 2,2024-08-26
CUST00264,Bangalore,Tier 1,2024-02-25
CUST00265,Bangalore,Tier 1,2024-07-20
CUST00266,Kanpur,Tier 2,2024-11-09
CUST00267,Jaipur,Tier 2,2025-03-15
CUST00268,Kanpur,Tier 2,2024-01-03
CUST00269,Patna,Tier 2,2024-10-07
CUST00270,Mumbai,Tier 1,2024-06-27
CUST00271,Indore,Tier 2,2025-05-26
CUST00272,Jaipur,Tier 2,2025-03-05
CUST00273,Delhi,Tier 1,2024-12-19
CUST00274,Indore,Tier 2,2024-06-15
CUST00275,Mumbai,Tier 1,2025-06-30
CUST00276,Nagpur,Tier 3,2024-01-28
CUST00277,Ranchi,Tier 3,2024-03-06
CUST00278,Patna,Tier 2,2024-08-22
CUST00279,Patna,Tier 2,2024-03-15
CUST00280,Delhi,Tier 1,2025-07-27
CUST00281,Jaipur,Tier 2,2025-04-23
CUST00282,Bhopal,Tier 2,2024-06-04
CUST00283,Bangalore,Tier 1,2024-12-19
CUST00284,Jaipur,Tier 2,2025-08-12
CUST00285,Ranchi,Tier 3,2025-06-14
CUST00286,Bhopal,Tier 2,2024-12-26
CUST00287,Patna,Tier 2,2025-06-26
CUST00288,Kanpur,Tier 2,2025-08-16
CUST00289,Ranchi,Tier 3,2025-03-22
CUST00290,Mumbai,Tier 1,2024-02-08
CUST00291,Delhi,Tier 1,2024-08-28
CUST00292,Mumbai,Tier 1,2025-05-17
CUST00293,Ranchi,Tier 3,2024-05-18
CUST00294,Pune,Tier 1,2025-05-13
CUST00295,Pune,Tier 1,2024-03-13
CUST00296,Nagpur,Tier 3,2024-01-29
CUST00297,Jaipur,Tier 2,2024-08-18
CUST00298,Patna,Tier 2,2024-01-23
CUST00299,Patna,Tier 2,2025-07-28
CUST00300,Bangalore,Tier 1,2025-05-10
CUST00301,Bangalore,Tier 1,2025-04-25
CUST00302,Bangalore,Tier 1,2025-01-12
CUST00303,Kanpur,Tier 2,2024-05-09
CUST00304,Indore,Tier 2,2024-11-06
CUST00305,Lucknow,Tier 2,2024-12-24
CUST00306,Indore,Tier 2,2024-11-11
CUST00307,Mumbai,Tier 1,2024-06-05
CUST00308,Indore,Tier 2,2024-11-05
CUST00309,Kanpur,Tier 2,2024-10-21
CUST00310,Nagpur,Tier 3,2025-08-20
CUST00311,Mumbai,Tier 1,2025-06-22
CUST00312,Indore,Tier 2,2024-10-05
CUST00313,Kanpur,Tier 2,2025-01-08
CUST00314,Lucknow,Tier 2,2025-03-24
CUST00315,Indore,Tier 2,2024-01-21
CUST00316,Kanpur,Tier 2,2025-06-20
CUST00317,Bangalore,Tier 1,2025-05-31
CUST00318,Patna,Tier 2,2024-10-01
CUST00319,Bangalore,Tier 1,2024-08-22
CUST00320,Patna,Tier 2,2024-06-12
CUST00321,Delhi,Tier 1,2024-10-13
CUST00322,Delhi,Tier 1,2024-01-27
CUST00323,Delhi,Tier 1,2025-05-26
CUST00324,Lucknow,Tier 2,2024-01-22
CUST00325,Bangalore,Tier 1,2024-07-16
CUST00326,Patna,Tier 2,2025-07-12
CUST00327,Kanpur,Tier 2,2025-03-17
CUST00328,Mumbai,Tier 1,2024-06-17
CUST00329,Kanpur,Tier 2,2024-05-31
CUST00330,Mumbai,Tier 1,2024-01-04
CUST00331,Pune,Tier 1,2025-02-21
CUST00332,Kanpur,Tier 2,2024-01-30
CUST00333,Indore,Tier 2,2024-11-15
CUST00334,Indore,Tier 2,2025-07-31
CUST00335,Jaipur,Tier 2,2024-03-06
CUST00336,Bangalore,Tier 1,2025-06-20
CUST00337,Mumbai,Tier 1,2025-08-17
CUST00338,Mumbai,Tier 1,2024-02-06
CUST00339,Ranchi,Tier 3,2025-06-13
CUST00340,Nagpur,Tier 3,2024-11-05
CUST00341,Bangalore,Tier 1,2025-06-27
CUST00342,Lucknow,Tier 2,2024-12-08
CUST00343,Jaipur,Tier 2,2025-02-01
CUST00344,Lucknow,Tier 2,2024-11-22
CUST00345,Lucknow,Tier 2,2025-06-02
CUST00346,Lucknow,Tier 2,2025-03-16
CUST00347,Bangalore,Tier 1,2024-11-08
CUST00348,Lucknow,Tier 2,2025-06-04
CUST00349,Indore,Tier 2,2024-05-27
CUST00350,Nagpur,Tier 3,2024-04-04
CUST00351,Nagpur,Tier 3,2024-04-06
CUST00352,Delhi,Tier 1,2024-07-19
CUST00353,Pune,Tier 1,2024-05-23
CUST00354,Mumbai,Tier 1,2025-07-12
CUST00355,Ranchi,Tier 3,2024-03-04
CUST00356,Mumbai,Tier 1,2025-02-23
CUST00357,Pune,Tier 1,2024-04-23
CUST00358,Ranchi,Tier 3,2025-06-12
CUST00359,Bangalore,Tier 1,2025-07-30
CUST00360,Kanpur,Tier 2,2024-10-06
CUST00361,Bangalore,Tier 1,2025-06-11
CUST00362,Mumbai,Tier 1,2024-01-04
CUST00363,Mumbai,Tier 1,2025-05-06
CUST00364,Ranchi,Tier 3,2024-05-17
CUST00365,Ranchi,Tier 3,2025-06-29
CUST00366,Pune,Tier 1,2024-01-01
CUST00367,Lucknow,Tier 2,2024-11-29
CUST00368,Bangalore,Tier 1,2025-03-29
CUST00369,Ranchi,Tier 3,2024-06-04
CUST00370,Patna,Tier 2,2024-04-25
CUST00371,Pune,Tier 1,2024-02-20
CUST00372,Indore,Tier 2,2024-07-14
CUST00373,Mumbai,Tier 1,2024-12-01
CUST00374,Pune,Tier 1,2024-03-10
CUST00375,Bangalore,Tier 1,2024-08-14
CUST00376,Ranchi,Tier 3,2024-01-06
CUST00377,Mumbai,Tier 1,2025-05-06
CUST00378,Kanpur,Tier 2,2024-03-18
CUST00379,Pune,Tier 1,2024-06-19
CUST00380,Jaipur,Tier 2,2024-01-12
CUST00381,Mumbai,Tier 1,2024-09-16
CUST00382,Bangalore,Tier 1,2025-05-19
CUST00383,Delhi,Tier 1,2024-08-23
CUST00384,Patna,Tier 2,2024-04-17
CUST00385,Bhopal,Tier 2,2025-03-28
CUST00386,Lucknow,Tier 2,2025-04-18
CUST00387,Bhopal,Tier 2,2024-04-14
CUST00388,Bangalore,Tier 1,2025-04-07
CUST00389,Indore,Tier 2,2025-07-22
CUST00390,Indore,Tier 2,2024-04-09
CUST00391,Delhi,Tier 1,2025-04-07
CUST00392,Lucknow,Tier 2,2025-03-01
CUST00393,Jaipur,Tier 2,2024-10-11
CUST00394,Delhi,Tier 1,2024-02-04
CUST00395,Nagpur,Tier 3,2024-02-14
CUST00396,Bhopal,Tier 2,2025-05-26
CUST00397,Delhi,Tier 1,2025-08-17
CUST00398,Bhopal,Tier 2,2025-02-09
CUST00399,Mumbai,Tier 1,2024-09-24
CUST00400,Indore,Tier 2,2025-01-23
CUST00401,Mumbai,Tier 1,2024-12-22
CUST00402,Patna,Tier 2,2024-08-18
CUST00403,Nagpur,Tier 3,2024-02-09
CUST00404,Lucknow,Tier 2,2025-05-07
CUST00405,Jaipur,Tier 2,2024-08-11
CUST00406,Bhopal,Tier 2,2025-05-06
CUST00407,Jaipur,Tier 2,2024-05-31
CUST00408,Bhopal,Tier 2,2024-01-01
CUST00409,Bangalore,Tier 1,2024-04-05
CUST00410,Delhi,Tier 1,2024-10-08
CUST00411,Patna,Tier 2,2025-07-20
CUST00412,Indore,Tier 2,2024-03-02
CUST00413,Ranchi,Tier 3,2025-05-27
CUST00414,Bhopal,Tier 2,2024-11-12
CUST00415,Jaipur,Tier 2,2025-05-10
CUST00416,Patna,Tier 2,2024-06-28
CUST00417,Kanpur,Tier 2,2025-05-18
CUST00418,Kanpur,Tier 2,2025-04-08
CUST00419,Mumbai,Tier 1,2024-05-18
CUST00420,Indore,Tier 2,2024-03-19
CUST00421,Ranchi,Tier 3,2025-06-04
CUST00422,Bangalore,Tier 1,2025-07-31
CUST00423,Jaipur,Tier 2,2024-01-19
CUST00424,Ranchi,Tier 3,2025-03-14
CUST00425,Delhi,Tier 1,2025-06-29
CUST00426,Delhi,Tier 1,2025-05-29
CUST00427,Jaipur,Tier 2,2025-08-01
CUST00428,Lucknow,Tier 2,2025-04-01
CUST00429,Bangalore,Tier 1,2024-09-22
CUST00430,Patna,Tier 2,2024-07-06
CUST00431,Bhopal,Tier 2,2024-07-11
CUST00432,Lucknow,Tier 2,2025-03-10
CUST00433,Bhopal,Tier 2,2025-03-23
CUST00434,Bhopal,Tier 2,2024-04-30
CUST00435,Lucknow,Tier 2,2025-06-04
CUST00436,Mumbai,Tier 1,2025-03-04
CUST00437,Kanpur,Tier 2,2024-12-03
CUST00438,Bhopal,Tier 2,2024-10-09
CUST00439,Lucknow,Tier 2,2024-11-21
CUST00440,Lucknow,Tier 2,2024-04-05
CUST00441,Nagpur,Tier 3,2024-05-02
CUST00442,Ranchi,Tier 3,2024-02-24
CUST00443,Pune,Tier 1,2024-04-02
CUST00444,Mumbai,Tier 1,2024-09-29
CUST00445,Indore,Tier 2,2024-11-14
CUST00446,Pune,Tier 1,2024-01-11
CUST00447,Ranchi,Tier 3,2025-04-23
CUST00448,Ranchi,Tier 3,2024-06-25
CUST00449,Ranchi,Tier 3,2025-07-01
CUST00450,Pune,Tier 1,2025-08-03
CUST00451,Jaipur,Tier 2,2024-04-21
CUST00452,Kanpur,Tier 2,2024-10-04
CUST00453,Lucknow,Tier 2,2024-01-01
CUST00454,Kanpur,Tier 2,2024-12-24
CUST00455,Bangalore,Tier 1,2024-12-30
CUST00456,Jaipur,Tier 2,2024-05-28
CUST00457,Indore,Tier 2,2024-12-01
CUST00458,Kanpur,Tier 2,2024-05-15
CUST00459,Delhi,Tier 1,2024-04-06
CUST00460,Ranchi,Tier 3,2025-01-25
CUST00461,Bhopal,Tier 2,2024-07-14
CUST00462,Bangalore,Tier 1,2024-12-20
CUST00463,Mumbai,Tier 1,2024-09-16
CUST00464,Indore,Tier 2,2025-08-13
CUST00465,Bangalore,Tier 1,2024-03-30
CUST00466,Ranchi,Tier 3,2024-10-05
CUST00467,Bhopal,Tier 2,2025-02-12
CUST00468,Jaipur,Tier 2,2024-08-25
CUST00469,Bhopal,Tier 2,2025-08-07
CUST00470,Pune,Tier 1,2025-03-09
CUST00471,Bhopal,Tier 2,2025-01-29
CUST00472,Pune,Tier 1,2025-03-30
CUST00473,Jaipur,Tier 2,2025-07-25
CUST00474,Patna,Tier 2,2025-06-28
CUST00475,Ranchi,Tier 3,2025-03-10
CUST00476,Pune,Tier 1,2025-03-25
CUST00477,Mumbai,Tier 1,2024-03-28
CUST00478,Bhopal,Tier 2,2024-03-02
CUST00479,Bhopal,Tier 2,2024-12-08
CUST00480,Mumbai,Tier 1,2024-01-12
CUST00481,Delhi,Tier 1,2024-10-16
CUST00482,Lucknow,Tier 2,2024-05-06
CUST00483,Patna,Tier 2,2024-07-26
CUST00484,Indore,Tier 2,2025-04-10
CUST00485,Pune,Tier 1,2025-07-18
CUST00486,Mumbai,Tier 1,2024-02-13
CUST00487,Jaipur,Tier 2,2024-11-16
CUST00488,Pune,Tier 1,2025-06-13
CUST00489,Lucknow,Tier 2,2024-02-19
CUST00490,Jaipur,Tier 2,2025-05-09
CUST00491,Bangalore,Tier 1,2024-08-02
CUST00492,Ranchi,Tier 3,2024-07-12
CUST00493,Bhopal,Tier 2,2025-08-09
CUST00494,Bangalore,Tier 1,2024-04-30
CUST00495,Pune,Tier 1,2025-02-19
CUST00496,Lucknow,Tier 2,2025-05-07
CUST00497,Patna,Tier 2,2024-01-25
CUST00498,Ranchi,Tier 3,2025-02-06
CUST00499,Pune,Tier 1,2025-07-24
CUST00500,Mumbai,Tier 1,2024-03-15
CUST00501,Kanpur,Tier 2,2025-06-21
CUST00502,Pune,Tier 1,2024-12-22
CUST00503,Ranchi,Tier 3,2025-01-04
CUST00504,Bhopal,Tier 2,2025-01-02
CUST00505,Bhopal,Tier 2,2024-06-28
CUST00506,Pune,Tier 1,2025-07-15
CUST00507,Jaipur,Tier 2,2025-07-22
CUST00508,Kanpur,Tier 2,2025-01-10
CUST00509,Mumbai,Tier 1,2025-04-15
CUST00510,Pune,Tier 1,2025-01-02
CUST00511,Jaipur,Tier 2,2024-10-17
CUST00512,Bhopal,Tier 2,2025-01-31
CUST00513,Bhopal,Tier 2,2024-11-27
CUST00514,Lucknow,Tier 2,2024-12-24
CUST00515,Pune,Tier 1,2025-04-15
CUST00516,Kanpur,Tier 2,2024-10-15
CUST00517,Delhi,Tier 1,2024-01-25
CUST00518,Kanpur,Tier 2,2024-04-08
CUST00519,Bhopal,Tier 2,2024-09-20
CUST00520,Bhopal,Tier 2,2025-03-10
CUST00521,Bangalore,Tier 1,2024-12-21
CUST00522,Bhopal,Tier 2,2025-01-25
CUST00523,Mumbai,Tier 1,2024-10-14
CUST00524,Indore,Tier 2,2025-01-04
CUST00525,Pune,Tier 1,2024-07-16
CUST00526,Kanpur,Tier 2,2024-10-09
CUST00527,Indore,Tier 2,2025-03-22
CUST00528,Jaipur,Tier 2,2025-06-07
CUST00529,Delhi,Tier 1,2024-09-17
CUST00530,Mumbai,Tier 1,2024-01-27
CUST00531,Ranchi,Tier 3,2024-04-07
CUST00532,Nagpur,Tier 3,2024-01-13
CUST00533,Kanpur,Tier 2,2025-01-26
CUST00534,Indore,Tier 2,2024-07-18
CUST00535,Ranchi,Tier 3,2024-11-21
CUST00536,Delhi,Tier 1,2024-10-22
CUST00537,Bangalore,Tier 1,2024-02-18
CUST00538,Ranchi,Tier 3,2024-08-29
CUST00539,Mumbai,Tier 1,2024-05-12
CUST00540,Mumbai,Tier 1,2024-09-08
CUST00541,Bangalore,Tier 1,2024-05-02
CUST00542,Nagpur,Tier 3,2025-05-19
CUST00543,Pune,Tier 1,2024-04-14
CUST00544,Ranchi,Tier 3,2025-07-30
CUST00545,Bangalore,Tier 1,2024-09-06
CUST00546,Mumbai,Tier 1,2025-05-22
CUST00547,Mumbai,Tier 1,2025-01-12
CUST00548,Indore,Tier 2,2025-03-17
CUST00549,Bhopal,Tier 2,2025-04-05
CUST00550,Nagpur,Tier 3,2024-10-29
CUST00551,Ranchi,Tier 3,2024-11-21
CUST00552,Ranchi,Tier 3,2024-11-04
CUST00553,Delhi,Tier 1,2024-12-18
CUST00554,Bangalore,Tier 1,2024-01-18
CUST00555,Delhi,Tier 1,2024-08-25
CUST00556,Bangalore,Tier 1,2024-12-29
CUST00557,Jaipur,Tier 2,2024-12-24
CUST00558,Mumbai,Tier 1,2025-04-20
CUST00559,Bhopal,Tier 2,2025-01-28
CUST00560,Indore,Tier 2,2025-08-18
CUST00561,Bhopal,Tier 2,2024-06-19
CUST00562,Bhopal,Tier 2,2024-08-03
CUST00563,Bhopal,Tier 2,2024-08-18
CUST00564,Delhi,Tier 1,2024-10-06
CUST00565,Bangalore,Tier 1,2025-05-16
CUST00566,Patna,Tier 2,2024-05-21
CUST00567,Jaipur,Tier 2,2025-04-10
CUST00568,Kanpur,Tier 2,2024-08-31
CUST00569,Bhopal,Tier 2,2024-12-27
CUST00570,Pune,Tier 1,2025-01-14
CUST00571,Delhi,Tier 1,2024-08-11
CUST00572,Nagpur,Tier 3,2024-11-03
CUST00573,Indore,Tier 2,2024-09-04
CUST00574,Kanpur,Tier 2,2024-02-11
CUST00575,Patna,Tier 2,2024-09-19
CUST00576,Pune,Tier 1,2024-02-28
CUST00577,Patna,Tier 2,2024-08-31
CUST00578,Kanpur,Tier 2,2024-12-21
CUST00579,Bhopal,Tier 2,2024-12-13
CUST00580,Pune,Tier 1,2025-02-01
CUST00581,Patna,Tier 2,2024-02-27
CUST00582,Indore,Tier 2,2025-01-26
CUST00583,Bangalore,Tier 1,2024-07-06
CUST00584,Mumbai,Tier 1,2024-08-27
CUST00585,Bangalore,Tier 1,2025-05-29
CUST00586,Kanpur,Tier 2,2024-01-06
CUST00587,Delhi,Tier 1,2024-12-19
CUST00588,Mumbai,Tier 1,2024-12-25
CUST00589,Jaipur,Tier 2,2024-08-25
CUST00590,Indore,Tier 2,2024-05-22
CUST00591,Jaipur,Tier 2,2024-05-20
CUST00592,Pune,Tier 1,2025-06-14
CUST00593,Ranchi,Tier 3,2024-09-22
CUST00594,Mumbai,Tier 1,2024-07-17
CUST00595,Jaipur,Tier 2,2024-09-26
CUST00596,Jaipur,Tier 2,2025-02-05
CUST00597,Patna,Tier 2,2024-03-28
CUST00598,Bangalore,Tier 1,2024-09-26
CUST00599,Patna,Tier 2,2024-12-18
CUST00600,Mumbai,Tier 1,2025-07-23
CUST00601,Mumbai,Tier 1,2024-05-31
CUST00602,Kanpur,Tier 2,2024-08-03
CUST00603,Patna,Tier 2,2024-08-15
CUST00604,Lucknow,Tier 2,2024-12-29
CUST00605,Nagpur,Tier 3,2024-08-02
CUST00606,Bangalore,Tier 1,2024-11-16
CUST00607,Mumbai,Tier 1,2025-04-14
CUST00608,Kanpur,Tier 2,2025-02-27
CUST00609,Ranchi,Tier 3,2024-09-24
CUST00610,Patna,Tier 2,2025-06-02
CUST00611,Bangalore,Tier 1,2024-11-30
CUST00612,Ranchi,Tier 3,2024-11-19
CUST00613,Patna,Tier 2,2024-01-21
CUST00614,Jaipur,Tier 2,2025-08-15
CUST00615,Ranchi,Tier 3,2024-03-14
CUST00616,Kanpur,Tier 2,2024-05-18
CUST00617,Bangalore,Tier 1,2024-02-01
CUST00618,Bhopal,Tier 2,2025-01-19
CUST00619,Pune,Tier 1,2024-05-14
CUST00620,Pune,Tier 1,2024-04-18
CUST00621,Bangalore,Tier 1,2024-02-23
CUST00622,Ranchi,Tier 3,2024-03-02
CUST00623,Patna,Tier 2,2024-12-16
CUST00624,Kanpur,Tier 2,2025-02-16
CUST00625,Nagpur,Tier 3,2024-08-26
CUST00626,Pune,Tier 1,2024-10-14
CUST00627,Kanpur,Tier 2,2025-02-15
CUST00628,Pune,Tier 1,2024-01-11
CUST00629,Jaipur,Tier 2,2024-07-12
CUST00630,Patna,Tier 2,2025-08-06
CUST00631,Jaipur,Tier 2,2024-12-14
CUST00632,Pune,Tier 1,2024-06-01
CUST00633,Bhopal,Tier 2,2024-11-09
CUST00634,Bhopal,Tier 2,2024-07-24
CUST00635,Jaipur,Tier 2,2024-11-15
CUST00636,Bhopal,Tier 2,2024-03-16
CUST00637,Pune,Tier 1,2024-03-20
CUST00638,Bangalore,Tier 1,2024-03-27
CUST00639,Jaipur,Tier 2,2025-07-17
CUST00640,Nagpur,Tier 3,2025-03-15
CUST00641,Nagpur,Tier 3,2024-04-07
CUST00642,Delhi,Tier 1,2024-04-23
CUST00643,Ranchi,Tier 3,2025-03-14
CUST00644,Patna,Tier 2,2024-04-03
CUST00645,Bhopal,Tier 2,2024-05-20
CUST00646,Bhopal,Tier 2,2025-08-01
CUST00647,Ranchi,Tier 3,2024-06-02
CUST00648,Mumbai,Tier 1,2025-01-31
CUST00649,Lucknow,Tier 2,2025-08-10
CUST00650,Jaipur,Tier 2,2024-08-12
CUST00651,Indore,Tier 2,2024-01-11
CUST00652,Bhopal,Tier 2,2024-05-26
CUST00653,Patna,Tier 2,2025-05-13
CUST00654,Delhi,Tier 1,2025-06-02
CUST00655,Nagpur,Tier 3,2025-04-06
CUST00656,Bhopal,Tier 2,2024-03-08
CUST00657,Delhi,Tier 1,2025-04-22
CUST00658,Pune,Tier 1,2025-07-05
CUST00659,Pune,Tier 1,2024-12-26
CUST00660,Lucknow,Tier 2,2025-07-18
CUST00661,Bangalore,Tier 1,2025-05-11
CUST00662,Indore,Tier 2,2025-02-04
CUST00663,Mumbai,Tier 1,2024-12-12
CUST00664,Lucknow,Tier 2,2024-07-28
CUST00665,Kanpur,Tier 2,2024-04-05
CUST00666,Mumbai,Tier 1,2024-12-28
CUST00667,Jaipur,Tier 2,2024-07-09
CUST00668,Patna,Tier 2,2025-06-03
CUST00669,Kanpur,Tier 2,2025-08-19
CUST00670,Kanpur,Tier 2,2025-03-27
CUST00671,Lucknow,Tier 2,2024-02-24
CUST00672,Ranchi,Tier 3,2024-06-22
CUST00673,Bangalore,Tier 1,2024-03-06
CUST00674,Ranchi,Tier 3,2025-01-25
CUST00675,Lucknow,Tier 2,2025-04-04
CUST00676,Jaipur,Tier 2,2025-07-09
CUST00677,Nagpur,Tier 3,2024-09-19
CUST00678,Bhopal,Tier 2,2025-06-24
CUST00679,Bhopal,Tier 2,2025-06-10
CUST00680,Bangalore,Tier 1,2024-07-09
CUST00681,Jaipur,Tier 2,2025-06-05
CUST00682,Bangalore,Tier 1,2024-08-13
CUST00683,Delhi,Tier 1,2024-06-27
CUST00684,Ranchi,Tier 3,2025-01-24
CUST00685,Bhopal,Tier 2,2024-07-16
CUST00686,Kanpur,Tier 2,2025-01-13
CUST00687,Ranchi,Tier 3,2024-12-31
CUST00688,Indore,Tier 2,2024-12-04
CUST00689,Patna,Tier 2,2024-08-16
CUST00690,Jaipur,Tier 2,2024-11-25
CUST00691,Mumbai,Tier 1,2024-12-23
CUST00692,Bangalore,Tier 1,2024-11-23
CUST00693,Ranchi,Tier 3,2024-09-23
CUST00694,Patna,Tier 2,2024-01-09
CUST00695,Ranchi,Tier 3,2024-12-18
CUST00696,Mumbai,Tier 1,2024-04-11
CUST00697,Patna,Tier 2,2025-01-20
CUST00698,Indore,Tier 2,2025-03-31
CUST00699,Mumbai,Tier 1,2024-10-27
CUST00700,Lucknow,Tier 2,2024-11-21
CUST00701,Pune,Tier 1,2025-07-24
CUST00702,Lucknow,Tier 2,2025-05-23
CUST00703,Bhopal,Tier 2,2025-07-02
CUST00704,Ranchi,Tier 3,2025-05-03
CUST00705,Pune,Tier 1,2024-03-06
CUST00706,Lucknow,Tier 2,2024-03-30
CUST00707,Pune,Tier 1,2024-11-11
CUST00708,Nagpur,Tier 3,2024-05-27
CUST00709,Ranchi,Tier 3,2024-10-13
CUST00710,Pune,Tier 1,2024-08-24
CUST00711,Kanpur,Tier 2,2024-11-25
CUST00712,Bangalore,Tier 1,2025-03-24
CUST00713,Bangalore,Tier 1,2025-03-05
CUST00714,Kanpur,Tier 2,2024-11-08
CUST00715,Patna,Tier 2,2025-05-08
CUST00716,Delhi,Tier 1,2024-09-15
CUST00717,Patna,Tier 2,2025-06-22
CUST00718,Mumbai,Tier 1,2024-02-12
CUST00719,Mumbai,Tier 1,2025-07-26
CUST00720,Pune,Tier 1,2025-01-27
CUST00721,Lucknow,Tier 2,2024-08-16
CUST00722,Lucknow,Tier 2,2024-04-28
CUST00723,Bangalore,Tier 1,2024-10-14
CUST00724,Jaipur,Tier 2,2024-04-26
CUST00725,Patna,Tier 2,2024-04-09
CUST00726,Nagpur,Tier 3,2025-01-05
CUST00727,Ranchi,Tier 3,2024-11-09
CUST00728,Bhopal,Tier 2,2025-02-06
CUST00729,Indore,Tier 2,2025-07-11
CUST00730,Lucknow,Tier 2,2024-11-15
CUST00731,Ranchi,Tier 3,2024-12-14
CUST00732,Indore,Tier 2,2024-02-23
CUST00733,Ranchi,Tier 3,2025-03-06
CUST00734,Pune,Tier 1,2024-08-27
CUST00735,Indore,Tier 2,2025-08-09
CUST00736,Bhopal,Tier 2,2025-05-08
CUST00737,Ranchi,Tier 3,2024-11-09
CUST00738,Kanpur,Tier 2,2024-03-14
CUST00739,Bhopal,Tier 2,2025-05-30
CUST00740,Indore,Tier 2,2025-04-24
CUST00741,Bhopal,Tier 2,2024-04-20
CUST00742,Ranchi,Tier 3,2024-06-26
CUST00743,Delhi,Tier 1,2025-04-21
CUST00744,Ranchi,Tier 3,2024-04-21
CUST00745,Ranchi,Tier 3,2025-07-04
CUST00746,Pune,Tier 1,2024-09-11
CUST00747,Patna,Tier 2,2024-02-22
CUST00748,Kanpur,Tier 2,2025-05-04
CUST00749,Nagpur,Tier 3,2024-08-12
CUST00750,Lucknow,Tier 2,2024-11-11
CUST00751,Mumbai,Tier 1,2024-03-08
CUST00752,Patna,Tier 2,2024-01-02
CUST00753,Mumbai,Tier 1,2025-01-17
CUST00754,Pune,Tier 1,2024-11-05
CUST00755,Kanpur,Tier 2,2024-12-22
CUST00756,Ranchi,Tier 3,2025-04-21
CUST00757,Bangalore,Tier 1,2025-01-22
CUST00758,Lucknow,Tier 2,2024-04-14
CUST00759,Delhi,Tier 1,2024-08-04
CUST00760,Bangalore,Tier 1,2025-06-27
CUST00761,Pune,Tier 1,2025-04-06
CUST00762,Patna,Tier 2,2024-11-29
CUST00763,Delhi,Tier 1,2024-06-02
CUST00764,Bhopal,Tier 2,2024-06-30
CUST00765,Indore,Tier 2,2025-03-15
CUST00766,Delhi,Tier 1,2025-05-25
CUST00767,Nagpur,Tier 3,2025-02-06
CUST00768,Pune,Tier 1,2025-04-30
CUST00769,Jaipur,Tier 2,2025-04-04
CUST00770,Indore,Tier 2,2024-03-30
CUST00771,Mumbai,Tier 1,2024-09-11
CUST00772,Lucknow,Tier 2,2024-04-01
CUST00773,Mumbai,Tier 1,2024-05-21
CUST00774,Delhi,Tier 1,2025-06-05
CUST00775,Mumbai,Tier 1,2024-10-10
CUST00776,Nagpur,Tier 3,2024-11-17
CUST00777,Pune,Tier 1,2024-04-17
CUST00778,Bhopal,Tier 2,2024-07-06
CUST00779,Patna,Tier 2,2024-05-18
CUST00780,Lucknow,Tier 2,2024-05-03
CUST00781,Nagpur,Tier 3,2025-01-17
CUST00782,Nagpur,Tier 3,2024-06-03
CUST00783,Mumbai,Tier 1,2025-01-14
CUST00784,Mumbai,Tier 1,2024-02-05
CUST00785,Delhi,Tier 1,2024-03-26
CUST00786,Patna,Tier 2,2024-06-13
CUST00787,Bangalore,Tier 1,2024-12-24
CUST00788,Mumbai,Tier 1,2025-02-09
CUST00789,Pune,Tier 1,2024-09-22
CUST00790,Jaipur,Tier 2,2024-09-24
CUST00791,Lucknow,Tier 2,2025-03-10
CUST00792,Ranchi,Tier 3,2024-01-10
CUST00793,Mumbai,Tier 1,2024-07-23
CUST00794,Pune,Tier 1,2025-05-06
CUST00795,Pune,Tier 1,2024-12-27
CUST00796,Lucknow,Tier 2,2024-07-21
CUST00797,Bangalore,Tier 1,2025-06-27
CUST00798,Pune,Tier 1,2025-04-08
CUST00799,Jaipur,Tier 2,2024-06-07
CUST00800,Pune,Tier 1,2025-01-22
CUST00801,Pune,Tier 1,2024-12-23
CUST00802,Pune,Tier 1,2024-08-28
CUST00803,Bhopal,Tier 2,2024-08-08
CUST00804,Bhopal,Tier 2,2024-07-25
CUST00805,Bangalore,Tier 1,2025-01-05
CUST00806,Mumbai,Tier 1,2024-09-22
CUST00807,Pune,Tier 1,2025-05-14
CUST00808,Patna,Tier 2,2025-02-05
CUST00809,Mumbai,Tier 1,2024-02-11
CUST00810,Bangalore,Tier 1,2025-01-19
CUST00811,Kanpur,Tier 2,2024-06-11
CUST00812,Mumbai,Tier 1,2024-12-21
CUST00813,Mumbai,Tier 1,2025-02-12
CUST00814,Indore,Tier 2,2024-05-18
CUST00815,Delhi,Tier 1,2024-10-01
CUST00816,Ranchi,Tier 3,2024-04-24
CUST00817,Indore,Tier 2,2024-02-01
CUST00818,Jaipur,Tier 2,2024-08-15
CUST00819,Bhopal,Tier 2,2024-08-05
CUST00820,Bhopal,Tier 2,2025-08-20
CUST00821,Delhi,Tier 1,2024-09-24
CUST00822,Lucknow,Tier 2,2024-07-19
CUST00823,Lucknow,Tier 2,2024-12-14
CUST00824,Bangalore,Tier 1,2024-02-23
CUST00825,Nagpur,Tier 3,2025-07-30
CUST00826,Delhi,Tier 1,2025-01-15
CUST00827,Ranchi,Tier 3,2025-03-28
CUST00828,Mumbai,Tier 1,2024-04-12
CUST00829,Lucknow,Tier 2,2024-09-02
CUST00830,Ranchi,Tier 3,2024-09-10
CUST00831,Pune,Tier 1,2025-05-08
CUST00832,Nagpur,Tier 3,2024-01-01
CUST00833,Patna,Tier 2,2024-06-29
CUST00834,Mumbai,Tier 1,2025-08-11
CUST00835,Jaipur,Tier 2,2024-10-11
CUST00836,Pune,Tier 1,2024-08-17
CUST00837,Pune,Tier 1,2024-03-12
CUST00838,Delhi,Tier 1,2025-08-07
CUST00839,Nagpur,Tier 3,2024-01-13
CUST00840,Bangalore,Tier 1,2025-03-18
CUST00841,Jaipur,Tier 2,2025-04-06
CUST00842,Lucknow,Tier 2,2024-05-26
CUST00843,Ranchi,Tier 3,2025-02-06
CUST00844,Delhi,Tier 1,2024-02-25
CUST00845,Lucknow,Tier 2,2024-06-03
CUST00846,Delhi,Tier 1,2025-04-17
CUST00847,Delhi,Tier 1,2025-06-02
CUST00848,Delhi,Tier 1,2024-12-31
CUST00849,Nagpur,Tier 3,2024-10-31
CUST00850,Bangalore,Tier 1,2024-04-05
CUST00851,Delhi,Tier 1,2024-02-07
CUST00852,Kanpur,Tier 2,2024-03-11
CUST00853,Patna,Tier 2,2024-05-16
CUST00854,Lucknow,Tier 2,2024-07-24
CUST00855,Mumbai,Tier 1,2024-08-16
CUST00856,Indore,Tier 2,2024-07-26
CUST00857,Ranchi,Tier 3,2024-05-23
CUST00858,Jaipur,Tier 2,2024-11-01
CUST00859,Bhopal,Tier 2,2025-05-10
CUST00860,Bangalore,Tier 1,2024-06-16
CUST00861,Mumbai,Tier 1,2025-07-19
CUST00862,Pune,Tier 1,2025-06-08
CUST00863,Kanpur,Tier 2,2024-04-07
CUST00864,Bhopal,Tier 2,2025-04-16
CUST00865,Indore,Tier 2,2024-12-10
CUST00866,Mumbai,Tier 1,2024-12-05
CUST00867,Bhopal,Tier 2,2024-08-22
CUST00868,Mumbai,Tier 1,2024-10-27
CUST00869,Ranchi,Tier 3,2024-08-26
CUST00870,Kanpur,Tier 2,2024-11-19
CUST00871,Indore,Tier 2,2025-01-11
CUST00872,Pune,Tier 1,2025-02-08
CUST00873,Delhi,Tier 1,2024-11-15
CUST00874,Lucknow,Tier 2,2025-03-08
CUST00875,Pune,Tier 1,2024-03-25
CUST00876,Delhi,Tier 1,2024-05-07
CUST00877,Nagpur,Tier 3,2025-05-06
CUST00878,Nagpur,Tier 3,2024-07-12
CUST00879,Nagpur,Tier 3,2024-01-14
CUST00880,Bangalore,Tier 1,2024-04-02
CUST00881,Patna,Tier 2,2024-05-14
CUST00882,Jaipur,Tier 2,2025-07-28
CUST00883,Jaipur,Tier 2,2024-12-09
CUST00884,Nagpur,Tier 3,2025-07-13
CUST00885,Lucknow,Tier 2,2024-12-11
CUST00886,Indore,Tier 2,2024-10-14
CUST00887,Kanpur,Tier 2,2024-07-07
CUST00888,Indore,Tier 2,2024-12-29
CUST00889,Kanpur,Tier 2,2024-03-24
CUST00890,Indore,Tier 2,2025-06-22
CUST00891,Patna,Tier 2,2025-05-12
CUST00892,Bangalore,Tier 1,2024-07-09
CUST00893,Bangalore,Tier 1,2025-07-25
CUST00894,Nagpur,Tier 3,2025-05-10
CUST00895,Delhi,Tier 1,2025-02-03
CUST00896,Bhopal,Tier 2,2024-03-14
CUST00897,Bangalore,Tier 1,2024-10-13
CUST00898,Bangalore,Tier 1,2024-10-30
CUST00899,Pune,Tier 1,2024-05-19
CUST00900,Pune,Tier 1,2024-02-17
CUST00901,Delhi,Tier 1,2025-04-11
CUST00902,Ranchi,Tier 3,2024-03-14
CUST00903,Bhopal,Tier 2,2024-12-22
CUST00904,Lucknow,Tier 2,2025-07-15
CUST00905,Pune,Tier 1,2025-06-09
CUST00906,Lucknow,Tier 2,2024-06-15
CUST00907,Mumbai,Tier 1,2025-05-25
CUST00908,Pune,Tier 1,2024-01-01
CUST00909,Patna,Tier 2,2024-01-11
CUST00910,Ranchi,Tier 3,2024-12-27
CUST00911,Bhopal,Tier 2,2024-08-06
CUST00912,Delhi,Tier 1,2024-08-19
CUST00913,Mumbai,Tier 1,2024-12-04
CUST00914,Bhopal,Tier 2,2024-04-25
CUST00915,Nagpur,Tier 3,2024-05-07
CUST00916,Patna,Tier 2,2024-10-17
CUST00917,Bhopal,Tier 2,2025-03-28
CUST00918,Patna,Tier 2,2025-01-06
CUST00919,Patna,Tier 2,2024-06-27
CUST00920,Lucknow,Tier 2,2024-09-15
CUST00921,Indore,Tier 2,2024-04-12
CUST00922,Nagpur,Tier 3,2024-02-14
CUST00923,Mumbai,Tier 1,2025-04-14
CUST00924,Bhopal,Tier 2,2024-06-08
CUST00925,Kanpur,Tier 2,2024-04-16
CUST00926,Mumbai,Tier 1,2025-02-18
CUST00927,Indore,Tier 2,2025-01-05
CUST00928,Mumbai,Tier 1,2025-01-14
CUST00929,Bangalore,Tier 1,2024-05-17
CUST00930,Kanpur,Tier 2,2024-05-19
CUST00931,Indore,Tier 2,2024-05-12
CUST00932,Lucknow,Tier 2,2024-04-14
CUST00933,Bhopal,Tier 2,2025-01-28
CUST00934,Ranchi,Tier 3,2025-05-23
CUST00935,Jaipur,Tier 2,2025-03-10
CUST00936,Indore,Tier 2,2025-04-20
CUST00937,Delhi,Tier 1,2024-08-30
CUST00938,Bhopal,Tier 2,2025-01-27
CUST00939,Nagpur,Tier 3,2024-07-31
CUST00940,Indore,Tier 2,2024-11-11
CUST00941,Bangalore,Tier 1,2024-10-15
CUST00942,Jaipur,Tier 2,2024-04-16
CUST00943,Bangalore,Tier 1,2024-08-20
CUST00944,Jaipur,Tier 2,2025-08-01
CUST00945,Nagpur,Tier 3,2024-05-29
CUST00946,Ranchi,Tier 3,2024-03-21
CUST00947,Delhi,Tier 1,2024-09-08
CUST00948,Bhopal,Tier 2,2025-04-19
CUST00949,Lucknow,Tier 2,2024-12-15
CUST00950,Bangalore,Tier 1,2025-02-12
CUST00951,Bangalore,Tier 1,2024-04-23
CUST00952,Patna,Tier 2,2025-01-06
CUST00953,Jaipur,Tier 2,2024-07-13
CUST00954,Pune,Tier 1,2025-05-15
CUST00955,Ranchi,Tier 3,2025-01-12
CUST00956,Bhopal,Tier 2,2024-04-29
CUST00957,Jaipur,Tier 2,2024-02-08
CUST00958,Patna,Tier 2,2024-01-26
CUST00959,Mumbai,Tier 1,2024-08-10
CUST00960,Jaipur,Tier 2,2024-06-08
CUST00961,Lucknow,Tier 2,2025-01-22
CUST00962,Bhopal,Tier 2,2024-10-26
CUST00963,Ranchi,Tier 3,2024-06-08
CUST00964,Patna,Tier 2,2024-03-30
CUST00965,Mumbai,Tier 1,2024-03-17
CUST00966,Kanpur,Tier 2,2025-06-02
CUST00967,Patna,Tier 2,2024-05-26
CUST00968,Kanpur,Tier 2,2025-01-26
CUST00969,Bhopal,Tier 2,2025-05-01
CUST00970,Bangalore,Tier 1,2025-01-03
CUST00971,Patna,Tier 2,2025-05-30
CUST00972,Delhi,Tier 1,2024-08-23
CUST00973,Kanpur,Tier 2,2025-07-27
CUST00974,Lucknow,Tier 2,2024-03-20
CUST00975,Delhi,Tier 1,2024-03-02
CUST00976,Indore,Tier 2,2025-01-30
CUST00977,Indore,Tier 2,2025-07-19
CUST00978,Mumbai,Tier 1,2025-04-30
CUST00979,Ranchi,Tier 3,2024-02-15
CUST00980,Bangalore,Tier 1,2024-06-16
CUST00981,Bhopal,Tier 2,2025-07-12
CUST00982,Patna,Tier 2,2024-05-31
CUST00983,Pune,Tier 1,2025-04-13
CUST00984,Lucknow,Tier 2,2025-05-10
CUST00985,Kanpur,Tier 2,2024-10-24
CUST00986,Bhopal,Tier 2,2024-08-19
CUST00987,Delhi,Tier 1,2024-09-27
CUST00988,Nagpur,Tier 3,2024-05-16
CUST00989,Indore,Tier 2,2025-06-17
CUST00990,Nagpur,Tier 3,2024-09-27
CUST00991,Lucknow,Tier 2,2025-06-13
CUST00992,Pune,Tier 1,2024-03-04
CUST00993,Patna,Tier 2,2025-08-15
CUST00994,Mumbai,Tier 1,2024-09-22
CUST00995,Pune,Tier 1,2024-01-29
CUST00996,Lucknow,Tier 2,2024-01-23
CUST00997,Pune,Tier 1,2025-03-23
CUST00998,Lucknow,Tier 2,2025-01-30
CUST00999,Lucknow,Tier 2,2025-04-26
CUST01000,Jaipur,Tier 2,2024-03-04
CUST01001,Kanpur,Tier 2,2024-01-22
CUST01002,Nagpur,Tier 3,2024-11-01
CUST01003,Indore,Tier 2,2024-08-20
CUST01004,Jaipur,Tier 2,2024-10-04
CUST01005,Patna,Tier 2,2025-08-17
CUST01006,Jaipur,Tier 2,2025-08-05
CUST01007,Bangalore,Tier 1,2025-07-19
CUST01008,Bangalore,Tier 1,2025-04-15
CUST01009,Indore,Tier 2,2024-07-31
CUST01010,Pune,Tier 1,2024-09-04
CUST01011,Kanpur,Tier 2,2024-11-25
CUST01012,Indore,Tier 2,2025-05-13
CUST01013,Lucknow,Tier 2,2024-02-11
CUST01014,Delhi,Tier 1,2024-09-11
CUST01015,Kanpur,Tier 2,2024-02-19
CUST01016,Ranchi,Tier 3,2024-11-04
CUST01017,Nagpur,Tier 3,2025-06-23
CUST01018,Kanpur,Tier 2,2025-04-14
CUST01019,Lucknow,Tier 2,2024-05-16
CUST01020,Lucknow,Tier 2,2025-08-08
CUST01021,Mumbai,Tier 1,2025-02-04
CUST01022,Indore,Tier 2,2024-01-07
CUST01023,Lucknow,Tier 2,2024-06-02
CUST01024,Bangalore,Tier 1,2024-06-05
CUST01025,Patna,Tier 2,2024-02-11
CUST01026,Delhi,Tier 1,2025-07-29
CUST01027,Nagpur,Tier 3,2024-10-13
CUST01028,Indore,Tier 2,2025-06-21
CUST01029,Bhopal,Tier 2,2024-07-12
CUST01030,Bangalore,Tier 1,2024-03-16
CUST01031,Ranchi,Tier 3,2024-10-11
CUST01032,Pune,Tier 1,2024-03-09
CUST01033,Lucknow,Tier 2,2024-10-18
CUST01034,Bhopal,Tier 2,2025-07-06
CUST01035,Lucknow,Tier 2,2024-11-08
CUST01036,Kanpur,Tier 2,2025-01-04
CUST01037,Bangalore,Tier 1,2024-04-03
CUST01038,Kanpur,Tier 2,2024-01-27
CUST01039,Mumbai,Tier 1,2024-03-07
CUST01040,Kanpur,Tier 2,2024-12-25
CUST01041,Mumbai,Tier 1,2024-02-27
CUST01042,Ranchi,Tier 3,2024-08-13
CUST01043,Mumbai,Tier 1,2024-11-26
CUST01044,Bhopal,Tier 2,2024-08-21
CUST01045,Lucknow,Tier 2,2024-04-08
CUST01046,Pune,Tier 1,2024-06-13
CUST01047,Nagpur,Tier 3,2025-07-10
CUST01048,Kanpur,Tier 2,2025-02-09
CUST01049,Nagpur,Tier 3,2024-10-24
CUST01050,Bangalore,Tier 1,2024-01-08
CUST01051,Mumbai,Tier 1,2025-08-18
CUST01052,Lucknow,Tier 2,2025-02-06
CUST01053,Delhi,Tier 1,2024-07-09
CUST01054,Indore,Tier 2,2025-06-11
CUST01055,Bhopal,Tier 2,2024-06-04
CUST01056,Pune,Tier 1,2024-11-22
CUST01057,Jaipur,Tier 2,2025-01-16
CUST01058,Bhopal,Tier 2,2024-05-12
CUST01059,Ranchi,Tier 3,2025-08-10
CUST01060,Delhi,Tier 1,2025-03-24
CUST01061,Indore,Tier 2,2024-11-30
CUST01062,Delhi,Tier 1,2024-04-18
CUST01063,Kanpur,Tier 2,2024-02-02
CUST01064,Mumbai,Tier 1,2024-07-11
CUST01065,Pune,Tier 1,2025-03-27
CUST01066,Patna,Tier 2,2024-06-10
CUST01067,Mumbai,Tier 1,2024-11-19
CUST01068,Patna,Tier 2,2025-03-12
CUST01069,Nagpur,Tier 3,2024-03-05
CUST01070,Indore,Tier 2,2025-02-15
CUST01071,Lucknow,Tier 2,2024-02-25
CUST01072,Jaipur,Tier 2,2025-08-02
CUST01073,Bangalore,Tier 1,2024-10-20
CUST01074,Mumbai,Tier 1,2024-03-31
CUST01075,Pune,Tier 1,2024-07-24
CUST01076,Ranchi,Tier 3,2024-09-05
CUST01077,Ranchi,Tier 3,2025-03-30
CUST01078,Delhi,Tier 1,2025-03-22
CUST01079,Pune,Tier 1,2025-01-02
CUST01080,Indore,Tier 2,2024-03-04
CUST01081,Nagpur,Tier 3,2024-03-31
CUST01082,Patna,Tier 2,2024-02-26
CUST01083,Delhi,Tier 1,2024-12-12
CUST01084,Ranchi,Tier 3,2025-06-10
CUST01085,Bangalore,Tier 1,2024-09-17
CUST01086,Bangalore,Tier 1,2024-04-06
CUST01087,Mumbai,Tier 1,2024-11-30
CUST01088,Indore,Tier 2,2025-05-02
CUST01089,Lucknow,Tier 2,2025-03-21
CUST01090,Ranchi,Tier 3,2025-06-12
CUST01091,Indore,Tier 2,2024-06-15
CUST01092,Nagpur,Tier 3,2024-04-26
CUST01093,Patna,Tier 2,2025-06-11
CUST01094,Pune,Tier 1,2025-01-29
CUST01095,Ranchi,Tier 3,2024-07-05
CUST01096,Bangalore,Tier 1,2025-03-21
CUST01097,Pune,Tier 1,2025-05-04
CUST01098,Pune,Tier 1,2025-01-03
CUST01099,Pune,Tier 1,2025-02-16
CUST01100,Bangalore,Tier 1,2024-08-13
CUST01101,Nagpur,Tier 3,2024-11-19
CUST01102,Bhopal,Tier 2,2024-11-10
CUST01103,Kanpur,Tier 2,2025-05-23
CUST01104,Patna,Tier 2,2025-05-18
CUST01105,Bhopal,Tier 2,2025-05-14
CUST01106,Patna,Tier 2,2024-01-07
CUST01107,Delhi,Tier 1,2025-03-25
CUST01108,Indore,Tier 2,2025-03-31
CUST01109,Indore,Tier 2,2025-02-11
CUST01110,Jaipur,Tier 2,2025-03-29
CUST01111,Indore,Tier 2,2025-05-20
CUST01112,Bangalore,Tier 1,2024-10-09
CUST01113,Lucknow,Tier 2,2024-10-28
CUST01114,Mumbai,Tier 1,2024-03-15
CUST01115,Jaipur,Tier 2,2024-08-19
CUST01116,Mumbai,Tier 1,2025-01-21
CUST01117,Patna,Tier 2,2025-04-13
CUST01118,Mumbai,Tier 1,2024-05-10
CUST01119,Mumbai,Tier 1,2024-03-23
CUST01120,Jaipur,Tier 2,2025-02-01
CUST01121,Delhi,Tier 1,2024-01-02
CUST01122,Pune,Tier 1,2024-04-17
CUST01123,Indore,Tier 2,2024-01-18
CUST01124,Indore,Tier 2,2024-04-10
CUST01125,Bangalore,Tier 1,2024-04-18
CUST01126,Jaipur,Tier 2,2024-08-20
CUST01127,Bangalore,Tier 1,2024-08-29
CUST01128,Lucknow,Tier 2,2025-06-08
CUST01129,Lucknow,Tier 2,2024-11-02
CUST01130,Bangalore,Tier 1,2025-03-10
CUST01131,Jaipur,Tier 2,2024-03-03
CUST01132,Bangalore,Tier 1,2024-05-15
CUST01133,Indore,Tier 2,2025-02-25
CUST01134,Bhopal,Tier 2,2024-02-01
CUST01135,Kanpur,Tier 2,2024-10-18
CUST01136,Mumbai,Tier 1,2024-12-25
CUST01137,Kanpur,Tier 2,2024-12-27
CUST01138,Jaipur,Tier 2,2024-01-14
CUST01139,Nagpur,Tier 3,2024-07-12
CUST01140,Kanpur,Tier 2,2025-01-16
CUST01141,Lucknow,Tier 2,2024-03-30
CUST01142,Patna,Tier 2,2025-02-21
CUST01143,Mumbai,Tier 1,2025-03-23
CUST01144,Pune,Tier 1,2025-08-12
CUST01145,Nagpur,Tier 3,2024-05-05
CUST01146,Jaipur,Tier 2,2025-05-10
CUST01147,Mumbai,Tier 1,2024-11-08
CUST01148,Kanpur,Tier 2,2024-08-12
CUST01149,Lucknow,Tier 2,2024-03-14
CUST01150,Delhi,Tier 1,2025-03-17
CUST01151,Bhopal,Tier 2,2024-05-21
CUST01152,Pune,Tier 1,2024-08-10
CUST01153,Nagpur,Tier 3,2024-02-07
CUST01154,Bhopal,Tier 2,2025-04-25
CUST01155,Mumbai,Tier 1,2025-04-04
CUST01156,Lucknow,Tier 2,2025-03-16
CUST01157,Lucknow,Tier 2,2024-06-28
CUST01158,Kanpur,Tier 2,2024-04-14
CUST01159,Indore,Tier 2,2025-01-17
CUST01160,Kanpur,Tier 2,2024-10-24
CUST01161,Indore,Tier 2,2024-04-16
CUST01162,Indore,Tier 2,2025-02-15
CUST01163,Pune,Tier 1,2025-08-17
CUST01164,Kanpur,Tier 2,2025-03-24
CUST01165,Ranchi,Tier 3,2025-03-19
CUST01166,Delhi,Tier 1,2025-07-24
CUST01167,Nagpur,Tier 3,2024-05-01
CUST01168,Bangalore,Tier 1,2024-12-05
CUST01169,Bangalore,Tier 1,2025-08-10
CUST01170,Kanpur,Tier 2,2024-04-09
CUST01171,Kanpur,Tier 2,2025-02-24
CUST01172,Bhopal,Tier 2,2024-12-17
CUST01173,Nagpur,Tier 3,2024-12-17
CUST01174,Nagpur,Tier 3,2025-02-22
CUST01175,Pune,Tier 1,2025-07-11
CUST01176,Kanpur,Tier 2,2025-04-14
CUST01177,Nagpur,Tier 3,2024-02-03
CUST01178,Bhopal,Tier 2,2025-05-26
CUST01179,Indore,Tier 2,2024-05-15
CUST01180,Lucknow,Tier 2,2024-08-14
CUST01181,Lucknow,Tier 2,2024-10-04
CUST01182,Indore,Tier 2,2024-10-15
CUST01183,Jaipur,Tier 2,2024-09-18
CUST01184,Bhopal,Tier 2,2025-07-16
CUST01185,Nagpur,Tier 3,2025-02-27
CUST01186,Ranchi,Tier 3,2025-01-13
CUST01187,Bhopal,Tier 2,2024-01-30
CUST01188,Indore,Tier 2,2025-06-26
CUST01189,Delhi,Tier 1,2025-06-29
CUST01190,Patna,Tier 2,2025-04-13
CUST01191,Mumbai,Tier 1,2024-01-05
CUST01192,Indore,Tier 2,2024-02-04
CUST01193,Ranchi,Tier 3,2024-05-15
CUST01194,Nagpur,Tier 3,2024-03-19
CUST01195,Ranchi,Tier 3,2024-08-27
CUST01196,Ranchi,Tier 3,2025-07-07
CUST01197,Kanpur,Tier 2,2024-10-10
CUST01198,Kanpur,Tier 2,2024-01-09
CUST01199,Pune,Tier 1,2024-06-18
CUST01200,Indore,Tier 2,2024-01-27
